recall@1,recall@3,recall@5,recall@7,recall@10,precision@1,precision@3,mrr,config,num_evaluated
0.35952380952380947,0.46285714285714286,0.5511904761904762,0.5878571428571429,0.5945238095238095,0.5,0.22666666666666666,0.6046666666666667,full_pipeline,50
