config,num_evaluated,recall@1,recall@3,recall@5,recall@7,recall@10,precision@1,precision@3,mrr
full_pipeline,50,0.6433333333333333,0.7383333333333333,0.78,0.78,0.8266666666666667,0.68,0.26666666666666666,0.7517222222222222
no_hybrid,50,0.6433333333333333,0.72,0.76,0.78,0.8066666666666668,0.68,0.26,0.7425
no_heuristic,50,0.5766666666666667,0.6983333333333333,0.775,0.78,0.8066666666666668,0.6,0.2533333333333333,0.70575
agg_borda,50,0.6533333333333333,0.7533333333333333,0.815,0.815,0.8416666666666667,0.72,0.2866666666666666,0.7865555555555556
agg_max,50,0.6483333333333333,0.7683333333333333,0.81,0.83,0.8566666666666667,0.7,0.2866666666666666,0.7792222222222221
