recall@1,recall@3,recall@5,recall@7,recall@10,precision@1,precision@3,mrr,config,num_evaluated
0.6533333333333333,0.7533333333333333,0.815,0.815,0.8416666666666667,0.72,0.2866666666666666,0.7865555555555556,agg_borda,50
