recall@1,recall@3,recall@5,recall@7,recall@10,precision@1,precision@3,mrr,config,num_evaluated
0.6433333333333333,0.7383333333333333,0.78,0.78,0.8266666666666667,0.68,0.26666666666666666,0.7517222222222222,full_pipeline,50
