recall@1,recall@3,recall@5,recall@7,recall@10,precision@1,precision@3,mrr,config,num_evaluated
0.6483333333333333,0.7683333333333333,0.81,0.83,0.8566666666666667,0.7,0.2866666666666666,0.7792222222222221,agg_max,50
