recall@1,recall@3,recall@5,recall@7,recall@10,precision@1,precision@3,mrr
0.34,0.43666666666666665,0.48166666666666663,0.5116666666666666,0.5516666666666666,0.4,0.19333333333333333,0.5023888888888889
