config,num_evaluated,recall@1,recall@3,recall@5,recall@7,recall@10,precision@1,precision@3,mrr
full_pipeline,50,0.44666666666666666,0.56,0.6,0.6106666666666666,0.6173333333333333,0.58,0.26666666666666666,0.6796613190730838
no_hybrid,50,0.39333333333333337,0.5516666666666666,0.5966666666666667,0.644,0.6506666666666666,0.52,0.2533333333333333,0.6238571428571429
no_heuristic,50,0.3,0.49333333333333335,0.5883333333333334,0.6123333333333334,0.6546666666666667,0.38,0.22666666666666666,0.5581378323259129
agg_borda,50,0.45399999999999996,0.593,0.623,0.6446666666666667,0.6703333333333333,0.62,0.3,0.7082142857142857
agg_max,50,0.4083333333333334,0.5706666666666667,0.6463333333333334,0.7018888888888888,0.7068888888888888,0.56,0.2866666666666666,0.6967192982456141
