recall@1,recall@3,recall@5,recall@7,recall@10,precision@1,precision@3,mrr,config,num_evaluated
0.39333333333333337,0.5516666666666666,0.5966666666666667,0.644,0.6506666666666666,0.52,0.2533333333333333,0.6238571428571429,no_hybrid,50
