recall@1,recall@3,recall@5,recall@7,recall@10,precision@1,precision@3,mrr,config,num_evaluated
0.3,0.49333333333333335,0.5883333333333334,0.6123333333333334,0.6546666666666667,0.38,0.22666666666666666,0.5581378323259129,no_heuristic,50
