recall@1,recall@3,recall@5,recall@7,recall@10,precision@1,precision@3,mrr,config,num_evaluated
0.4083333333333334,0.5706666666666667,0.6463333333333334,0.7018888888888888,0.7068888888888888,0.56,0.2866666666666666,0.6967192982456141,agg_max,50
