recall@1,recall@3,recall@5,recall@7,recall@10,precision@1,precision@3,mrr,config,num_evaluated
0.44666666666666666,0.56,0.6,0.6106666666666666,0.6173333333333333,0.58,0.26666666666666666,0.6796613190730838,full_pipeline,50
