config,num_evaluated,recall@1,recall@3,recall@5,recall@7,recall@10,precision@1,precision@3,mrr
full_pipeline,50,0.4066666666666666,0.5195238095238095,0.5878571428571429,0.6611904761904762,0.6711904761904762,0.54,0.26,0.6561904761904762
no_hybrid,50,0.41285714285714287,0.5295238095238095,0.6028571428571429,0.6528571428571429,0.6595238095238095,0.54,0.24666666666666665,0.6322431077694235
no_heuristic,50,0.37666666666666665,0.4995238095238095,0.5611904761904762,0.6145238095238095,0.6378571428571429,0.46,0.22,0.5754018379281537
agg_borda,50,0.45285714285714285,0.544047619047619,0.6190476190476191,0.6523809523809524,0.6648809523809525,0.58,0.28,0.6866190476190477
agg_max,50,0.41666666666666663,0.5428571428571428,0.6203571428571428,0.6628571428571429,0.6761904761904762,0.54,0.26666666666666666,0.6705238095238095
