recall@1,recall@3,recall@5,recall@7,recall@10,precision@1,precision@3,mrr,config,num_evaluated
0.4066666666666666,0.5195238095238095,0.5878571428571429,0.6611904761904762,0.6711904761904762,0.54,0.26,0.6561904761904762,full_pipeline,50
