recall@1,recall@3,recall@5,recall@7,recall@10,precision@1,precision@3,mrr,config,num_evaluated
0.45285714285714285,0.544047619047619,0.6190476190476191,0.6523809523809524,0.6648809523809525,0.58,0.28,0.6866190476190477,agg_borda,50
