config,num_evaluated,recall@1,recall@3,recall@5,recall@7,recall@10,precision@1,precision@3,mrr
full_pipeline,50,0.4761904761904762,0.5811904761904763,0.6473809523809524,0.6557142857142857,0.6785714285714286,0.6,0.26666666666666666,0.6838863636363637
no_hybrid,50,0.4661904761904762,0.5607142857142857,0.6323809523809524,0.6423809523809524,0.6723809523809524,0.58,0.2533333333333333,0.6575374800637959
no_heuristic,50,0.46166666666666667,0.5633333333333334,0.6011904761904762,0.6290476190476191,0.6585714285714286,0.54,0.24,0.635173742923743
agg_borda,50,0.4828571428571429,0.6045238095238095,0.654047619047619,0.684047619047619,0.684047619047619,0.62,0.2733333333333333,0.6882260137523295
agg_max,50,0.4761904761904762,0.5911904761904762,0.6473809523809524,0.6873809523809524,0.6873809523809524,0.6,0.2733333333333333,0.6917235901353549
