recall@1,recall@3,recall@5,recall@7,recall@10,precision@1,precision@3,mrr,config,num_evaluated
0.4761904761904762,0.5911904761904762,0.6473809523809524,0.6873809523809524,0.6873809523809524,0.6,0.2733333333333333,0.6917235901353549,agg_max,50
