recall@1,recall@3,recall@5,recall@7,recall@10,precision@1,precision@3,mrr,config,num_evaluated
0.4828571428571429,0.6045238095238095,0.654047619047619,0.684047619047619,0.684047619047619,0.62,0.2733333333333333,0.6882260137523295,agg_borda,50
