recall@1,recall@3,recall@5,recall@7,recall@10,precision@1,precision@3,mrr,config,num_evaluated
0.4661904761904762,0.5607142857142857,0.6323809523809524,0.6423809523809524,0.6723809523809524,0.58,0.2533333333333333,0.6575374800637959,no_hybrid,50
