recall@1,recall@3,recall@5,recall@7,recall@10,precision@1,precision@3,mrr,config,num_evaluated
0.4761904761904762,0.5811904761904763,0.6473809523809524,0.6557142857142857,0.6785714285714286,0.6,0.26666666666666666,0.6838863636363637,full_pipeline,50
