recall@1,recall@3,recall@5,recall@7,recall@10,precision@1,precision@3,mrr,config,num_evaluated
0.46166666666666667,0.5633333333333334,0.6011904761904762,0.6290476190476191,0.6585714285714286,0.54,0.24,0.635173742923743,no_heuristic,50
