recall@1,recall@3,recall@5,recall@7,recall@10,precision@1,precision@3,mrr
0.38563829787234044,0.598404255319149,0.651595744680851,0.6542553191489362,0.6968085106382979,0.40425531914893614,0.2127659574468085,0.5181551559779755
