recall@1,recall@3,recall@5,recall@7,recall@10,precision@1,precision@3,mrr
0.3,0.36,0.43833333333333335,0.47833333333333333,0.495,0.34,0.14666666666666667,0.42295396989205036
