recall@1,recall@3,recall@5,recall@7,recall@10,precision@1,precision@3,mrr
0.44666666666666666,0.5533333333333333,0.5933333333333334,0.6483333333333333,0.6816666666666668,0.46,0.2,0.5440334235812496
