recall@1,recall@3,recall@5,recall@7,recall@10,precision@1,precision@3,mrr
0.4875886524822695,0.7420212765957447,0.800531914893617,0.8297872340425532,0.8297872340425532,0.5212765957446809,0.2872340425531915,0.6591761075803628
