recall@1,recall@3,recall@5,recall@7,recall@10,precision@1,precision@3,mrr,config,num_evaluated
0.37666666666666665,0.4995238095238095,0.5611904761904762,0.6145238095238095,0.6378571428571429,0.46,0.22,0.5754018379281537,no_heuristic,50
