recall@1,recall@3,recall@5,recall@7,recall@10,precision@1,precision@3,mrr,config,num_evaluated
0.41285714285714287,0.5295238095238095,0.6028571428571429,0.6528571428571429,0.6595238095238095,0.54,0.24666666666666665,0.6322431077694235,no_hybrid,50
