recall@1,recall@3,recall@5,recall@7,recall@10,precision@1,precision@3,mrr,config,num_evaluated
0.41666666666666663,0.5428571428571428,0.6203571428571428,0.6628571428571429,0.6761904761904762,0.54,0.26666666666666666,0.6705238095238095,agg_max,50
