recall@1,recall@3,recall@5,recall@7,recall@10,precision@1,precision@3,mrr
0.5633333333333334,0.74,0.7616666666666667,0.7666666666666667,0.7866666666666667,0.58,0.2733333333333333,0.6907203907203907
