config,num_evaluated,recall@1,recall@3,recall@5,recall@7,recall@10,precision@1,precision@3,mrr
full_pipeline,50,0.4111904761904762,0.5303571428571429,0.5998809523809524,0.6332142857142857,0.6498809523809524,0.54,0.26666666666666666,0.665904761904762
no_hybrid,50,0.4083333333333334,0.5111904761904762,0.5970238095238095,0.6336904761904762,0.6470238095238094,0.52,0.24666666666666665,0.644459706959707
no_heuristic,47,0.3966565349544073,0.5110182370820668,0.5778875379939209,0.631079027355623,0.6559017223910841,0.46808510638297873,0.24822695035460993,0.6110426929392447
agg_borda,49,0.3949222546161321,0.5131195335276968,0.5602526724975705,0.5704567541302236,0.5908649173955296,0.5306122448979592,0.2653061224489796,0.637406357814521
agg_max,49,0.37876579203109817,0.5335276967930029,0.5738581146744413,0.603620019436346,0.6104227405247813,0.5102040816326531,0.2857142857142857,0.6577745383867832
