recall@1,recall@3,recall@5,recall@7,recall@10,precision@1,precision@3,mrr,config,num_evaluated
0.37876579203109817,0.5335276967930029,0.5738581146744413,0.603620019436346,0.6104227405247813,0.5102040816326531,0.2857142857142857,0.6577745383867832,agg_max,49
