recall@1,recall@3,recall@5,recall@7,recall@10,precision@1,precision@3,mrr,config,num_evaluated
0.3949222546161321,0.5131195335276968,0.5602526724975705,0.5704567541302236,0.5908649173955296,0.5306122448979592,0.2653061224489796,0.637406357814521,agg_borda,49
