recall@1,recall@3,recall@5,recall@7,recall@10,precision@1,precision@3,mrr,config,num_evaluated
0.3966565349544073,0.5110182370820668,0.5778875379939209,0.631079027355623,0.6559017223910841,0.46808510638297873,0.24822695035460993,0.6110426929392447,no_heuristic,47
