config,num_evaluated,recall@1,recall@3,recall@5,recall@7,recall@10,precision@1,precision@3,mrr
agg_borda,200,0.4883035714285714,0.6113174603174603,0.668579365079365,0.682468253968254,0.6951349206349207,0.595,0.2766666666666666,0.6915725568291358
agg_max,200,0.49517857142857147,0.6224285714285714,0.6773571428571429,0.7029821428571428,0.7189821428571429,0.61,0.2816666666666666,0.7130115157460359
full_pipeline,200,0.49892857142857144,0.608470238095238,0.6711488095238095,0.6842321428571428,0.7105019841269842,0.61,0.2683333333333333,0.703300955988456
no_heuristic,200,0.45738095238095233,0.5715059523809524,0.6275178571428571,0.6665654761904762,0.6922797619047619,0.515,0.24499999999999997,0.6349746780996781
no_hybrid,200,0.4930952380952381,0.5806428571428571,0.6437678571428571,0.6659900793650794,0.6869900793650794,0.595,0.2516666666666666,0.6779477094542885
