config,num_evaluated,recall@1,recall@3,recall@5,recall@7,recall@10,precision@1,precision@3,mrr
agg_borda,200,0.492547619047619,0.6055119047619048,0.6683095238095238,0.6902738095238096,0.7096964285714287,0.6,0.27666666666666667,0.693789072039072
agg_max,200,0.465297619047619,0.619095238095238,0.6738154761904762,0.7212460317460317,0.7312460317460318,0.575,0.27999999999999997,0.6961300965116755
full_pipeline,200,0.4736309523809523,0.5905952380952381,0.6451785714285714,0.6883214285714285,0.6986190476190477,0.575,0.2616666666666666,0.6793756472285883
no_heuristic,200,0.41333333333333333,0.5710119047619047,0.6397619047619048,0.6748095238095239,0.7012857142857143,0.465,0.2433333333333333,0.603359123912723
no_hybrid,200,0.4764285714285714,0.5930952380952381,0.6489285714285714,0.6902261904761905,0.701654761904762,0.5900000000000001,0.2583333333333333,0.677641134085213
