model_config,bleu,rougeL,meteor,judge_legal_accuracy,judge_correct_citation,judge_completeness,judge_hallucination_citation,judge_structure,judge_overall_score,gen_time,judge_time
eval_finetuned_results,0.28073,0.482881,0.49540350000000005,0.915,0.57,0.885,1.1525,1.425,4.9475,36.4801,7.40245
geminiflash_zeroshot,0.2902075,0.47572000000000003,0.5268295000000001,1.685,1.6775,1.52,1.9275,1.78,8.59,4.54735,3.9628999999999994
geminiflash_fewshot,0.3114595,0.49339600000000006,0.522385,1.5875,1.6075,1.425,1.9,1.665,8.185,3.4276,3.80345
gemma4_zeroshot,0.293186,0.48127000000000003,0.558429,1.65,1.6775,1.495,1.8725,1.7925,8.4875,23.589499999999997,5.0255
gemma4_fewshot,0.34796750000000004,0.5157120000000001,0.5918535,1.625,1.635,1.465,1.9025,1.735,8.3625,23.45165,5.01845
