recall@1,recall@3,recall@5,recall@7,recall@10,precision@1,precision@3,mrr
0.344047619047619,0.44547619047619047,0.4892261904761904,0.5306428571428572,0.5743928571428571,0.37,0.175,0.4625653894488226
