recall@1,recall@3,recall@5,recall@7,recall@10,precision@1,precision@3,mrr
0.4229166666666666,0.5455833333333333,0.5743333333333334,0.5860198412698413,0.6134007936507936,0.46499999999999997,0.22,0.5643117779837981
