config,num_evaluated,recall@1,recall@3,recall@5,recall@7,recall@10,precision@1,precision@3,mrr
full_pipeline,50,0.4545238095238095,0.5378571428571428,0.6078571428571429,0.6764285714285714,0.6942857142857143,0.56,0.24666666666666665,0.6537936507936507
no_hybrid,50,0.48619047619047623,0.5878571428571429,0.6178571428571429,0.6857142857142857,0.6914285714285714,0.62,0.2733333333333333,0.6984642857142858
no_heuristic,50,0.43666666666666665,0.5628571428571428,0.6411904761904762,0.6773809523809524,0.7109523809523809,0.48,0.26,0.6063730158730158
agg_borda,50,0.435,0.555,0.6411904761904762,0.654047619047619,0.6819047619047619,0.52,0.2533333333333333,0.6202606837606838
agg_max,50,0.4545238095238095,0.5745238095238094,0.6035714285714285,0.6685714285714286,0.6852380952380952,0.58,0.2733333333333333,0.6737534687534688
