recall@1,recall@3,recall@5,recall@7,recall@10,precision@1,precision@3,mrr,config,num_evaluated
0.435,0.555,0.6411904761904762,0.654047619047619,0.6819047619047619,0.52,0.2533333333333333,0.6202606837606838,agg_borda,50
