recall@1,recall@3,recall@5,recall@7,recall@10,precision@1,precision@3,mrr,config,num_evaluated
0.48619047619047623,0.5878571428571429,0.6178571428571429,0.6857142857142857,0.6914285714285714,0.62,0.2733333333333333,0.6984642857142858,no_hybrid,50
