recall@1,recall@3,recall@5,recall@7,recall@10,precision@1,precision@3,mrr,config,num_evaluated
0.4545238095238095,0.5378571428571428,0.6078571428571429,0.6764285714285714,0.6942857142857143,0.56,0.24666666666666665,0.6537936507936507,full_pipeline,50
