recall@1,recall@3,recall@5,recall@7,recall@10,precision@1,precision@3,mrr,config,num_evaluated
0.43666666666666665,0.5628571428571428,0.6411904761904762,0.6773809523809524,0.7109523809523809,0.48,0.26,0.6063730158730158,no_heuristic,50
