recall@1,recall@3,recall@5,recall@7,recall@10,precision@1,precision@3,mrr,config,num_evaluated
0.4545238095238095,0.5745238095238094,0.6035714285714285,0.6685714285714286,0.6852380952380952,0.58,0.2733333333333333,0.6737534687534688,agg_max,50
