recall@1,recall@3,recall@5,recall@7,recall@10,precision@1,precision@3,mrr
0.3882978723404255,0.6808510638297872,0.7686170212765957,0.8067375886524822,0.8067375886524822,0.4148936170212766,0.24822695035460993,0.5707700101317122
