recall@1,recall@3,recall@5,recall@7,recall@10,precision@1,precision@3,mrr
0.37285714285714283,0.5019047619047619,0.5185714285714286,0.5452380952380953,0.5919047619047619,0.4,0.21333333333333332,0.4943152625152625
