recall@1,recall@3,recall@5,recall@7,recall@10,precision@1,precision@3,mrr
0.25666666666666665,0.36666666666666664,0.4066666666666666,0.4506666666666667,0.529,0.28,0.14,0.3889589018067279
