config,num_evaluated,recall@1,recall@3,recall@5,recall@7,recall@10,precision@1,precision@3,mrr
full_pipeline,50,0.4111904761904762,0.5303571428571429,0.5998809523809524,0.6332142857142857,0.6498809523809524,0.54,0.26666666666666666,0.665904761904762
no_hybrid,50,0.4111904761904762,0.5111904761904762,0.5970238095238095,0.6470238095238094,0.6536904761904762,0.54,0.24666666666666665,0.6576739926739927
no_heuristic,50,0.39285714285714285,0.5003571428571428,0.5632142857142857,0.6132142857142857,0.6298809523809524,0.46,0.24,0.5943571428571428
agg_borda,50,0.3870238095238095,0.5161904761904762,0.5657142857142857,0.5757142857142857,0.589047619047619,0.52,0.2733333333333333,0.642008658008658
agg_max,50,0.3911904761904762,0.5428571428571428,0.5823809523809524,0.611547619047619,0.6382142857142857,0.52,0.2866666666666666,0.6671190476190476
