recall@1,recall@3,recall@5,recall@7,recall@10,precision@1,precision@3,mrr,config,num_evaluated
0.3870238095238095,0.5161904761904762,0.5657142857142857,0.5757142857142857,0.589047619047619,0.52,0.2733333333333333,0.642008658008658,agg_borda,50
