recall@1,recall@3,recall@5,recall@7,recall@10,precision@1,precision@3,mrr,config,num_evaluated
0.39285714285714285,0.5003571428571428,0.5632142857142857,0.6132142857142857,0.6298809523809524,0.46,0.24,0.5943571428571428,no_heuristic,50
