recall@1,recall@3,recall@5,recall@7,recall@10,precision@1,precision@3,mrr,config,num_evaluated
0.3911904761904762,0.5428571428571428,0.5823809523809524,0.611547619047619,0.6382142857142857,0.52,0.2866666666666666,0.6671190476190476,agg_max,50
