recall@1,recall@3,recall@5,recall@7,recall@10,precision@1,precision@3,mrr,config,num_evaluated
0.4111904761904762,0.5303571428571429,0.5998809523809524,0.6332142857142857,0.6498809523809524,0.54,0.26666666666666666,0.665904761904762,full_pipeline,50
