recall@1,recall@3,recall@5,recall@7,recall@10,precision@1,precision@3,mrr,config,num_evaluated
0.4111904761904762,0.5111904761904762,0.5970238095238095,0.6470238095238094,0.6536904761904762,0.54,0.24666666666666665,0.6576739926739927,no_hybrid,50
