recall@1,recall@3,recall@5,recall@7,recall@10,precision@1,precision@3,mrr
0.34,0.5016666666666666,0.5433333333333333,0.5833333333333334,0.5966666666666667,0.4,0.22,0.5278374800637958
