config,num_evaluated,recall@1,recall@3,recall@5,recall@7,recall@10,precision@1,precision@3,mrr
full_pipeline,50,0.5866666666666667,0.745,0.785,0.805,0.8116666666666668,0.62,0.2733333333333333,0.7278571428571429
no_hybrid,50,0.6133333333333334,0.7033333333333333,0.7783333333333333,0.7783333333333333,0.805,0.68,0.26,0.7559999999999999
no_heuristic,50,0.54,0.7283333333333333,0.7683333333333333,0.795,0.8016666666666667,0.54,0.26666666666666666,0.6735238095238095
agg_borda,50,0.6283333333333334,0.73,0.79,0.81,0.8216666666666668,0.68,0.2733333333333333,0.760062271062271
agg_max,50,0.5816666666666667,0.7883333333333333,0.825,0.8516666666666667,0.8566666666666667,0.62,0.29333333333333333,0.7435238095238096
