recall@1,recall@3,recall@5,recall@7,recall@10,precision@1,precision@3,mrr,config,num_evaluated
0.5816666666666667,0.7883333333333333,0.825,0.8516666666666667,0.8566666666666667,0.62,0.29333333333333333,0.7435238095238096,agg_max,50
