recall@1,recall@3,recall@5,recall@7,recall@10,precision@1,precision@3,mrr,config,num_evaluated
0.54,0.7283333333333333,0.7683333333333333,0.795,0.8016666666666667,0.54,0.26666666666666666,0.6735238095238095,no_heuristic,50
