recall@1,recall@3,recall@5,recall@7,recall@10,precision@1,precision@3,mrr,config,num_evaluated
0.6133333333333334,0.7033333333333333,0.7783333333333333,0.7783333333333333,0.805,0.68,0.26,0.7559999999999999,no_hybrid,50
