recall@1,recall@3,recall@5,recall@7,recall@10,precision@1,precision@3,mrr,config,num_evaluated
0.5866666666666667,0.745,0.785,0.805,0.8116666666666668,0.62,0.2733333333333333,0.7278571428571429,full_pipeline,50
