recall@1,recall@3,recall@5,recall@7,recall@10,precision@1,precision@3,mrr
0.32666666666666666,0.47733333333333333,0.514,0.5162222222222222,0.5428888888888889,0.36,0.19333333333333333,0.4905793650793651
