config,num_evaluated,recall@1,recall@3,recall@5,recall@7,recall@10,precision@1,precision@3,mrr
full_pipeline,50,0.465,0.584,0.6573333333333333,0.6679999999999999,0.6868888888888889,0.62,0.2733333333333333,0.7116904761904762
no_hybrid,50,0.45166666666666666,0.5306666666666667,0.5856666666666667,0.5945555555555555,0.6152222222222222,0.58,0.24666666666666665,0.6540793650793651
no_heuristic,50,0.3983333333333334,0.524,0.5706666666666667,0.644,0.674,0.46,0.24666666666666665,0.6046178266178266
agg_borda,50,0.43,0.5712222222222222,0.6395555555555555,0.6551111111111111,0.6657777777777778,0.52,0.2733333333333333,0.6495000000000001
agg_max,50,0.465,0.5873333333333334,0.6696666666666666,0.6829999999999999,0.6936666666666667,0.62,0.28,0.7139812030075189
