recall@1,recall@3,recall@5,recall@7,recall@10,precision@1,precision@3,mrr,config,num_evaluated
0.465,0.584,0.6573333333333333,0.6679999999999999,0.6868888888888889,0.62,0.2733333333333333,0.7116904761904762,full_pipeline,50
