recall@1,recall@3,recall@5,recall@7,recall@10,precision@1,precision@3,mrr,config,num_evaluated
0.43,0.5712222222222222,0.6395555555555555,0.6551111111111111,0.6657777777777778,0.52,0.2733333333333333,0.6495000000000001,agg_borda,50
