recall@1,recall@3,recall@5,recall@7,recall@10,precision@1,precision@3,mrr,config,num_evaluated
0.45166666666666666,0.5306666666666667,0.5856666666666667,0.5945555555555555,0.6152222222222222,0.58,0.24666666666666665,0.6540793650793651,no_hybrid,50
