recall@1,recall@3,recall@5,recall@7,recall@10,precision@1,precision@3,mrr,config,num_evaluated
0.465,0.5873333333333334,0.6696666666666666,0.6829999999999999,0.6936666666666667,0.62,0.28,0.7139812030075189,agg_max,50
