recall@1,recall@3,recall@5,recall@7,recall@10,precision@1,precision@3,mrr,config,num_evaluated
0.3983333333333334,0.524,0.5706666666666667,0.644,0.674,0.46,0.24666666666666665,0.6046178266178266,no_heuristic,50
