recall@1,recall@3,recall@5,recall@7,recall@10,precision@1,precision@3,mrr
0.46166666666666667,0.5283333333333333,0.54,0.5495238095238095,0.5723809523809524,0.52,0.22,0.5735584672465478
